{
  "Delete hero" : {
    "transaction" : "Delete hero",
    "sampleCount" : 20000,
    "errorCount" : 10642,
    "errorPct" : 53.21,
    "meanResTime" : 1866.4955999999981,
    "medianResTime" : 150.0,
    "minResTime" : 1.0,
    "maxResTime" : 112146.0,
    "pct1ResTime" : 2353.9000000000015,
    "pct2ResTime" : 6402.0,
    "pct3ResTime" : 30762.840000000026,
    "throughput" : 66.73918991971276,
    "receivedKBytesPerSec" : 98.53333917127446,
    "sentKBytesPerSec" : 6.556506247205297
  },
  "Total" : {
    "transaction" : "Total",
    "sampleCount" : 100000,
    "errorCount" : 54698,
    "errorPct" : 54.698,
    "meanResTime" : 9520.757420000002,
    "medianResTime" : 253.0,
    "minResTime" : 0.0,
    "maxResTime" : 277045.0,
    "pct1ResTime" : 2635.800000000003,
    "pct2ResTime" : 58557.70000000002,
    "pct3ResTime" : 271828.92000000004,
    "throughput" : 298.0190672599233,
    "receivedKBytesPerSec" : 433.85439735981186,
    "sentKBytesPerSec" : 25.33550893461164
  },
  "Get hero by id" : {
    "transaction" : "Get hero by id",
    "sampleCount" : 20000,
    "errorCount" : 11286,
    "errorPct" : 56.43,
    "meanResTime" : 5772.447400000004,
    "medianResTime" : 358.0,
    "minResTime" : 0.0,
    "maxResTime" : 151680.0,
    "pct1ResTime" : 17578.0,
    "pct2ResTime" : 30757.0,
    "pct3ResTime" : 110923.98000000001,
    "throughput" : 61.22180353311028,
    "receivedKBytesPerSec" : 91.24520616538,
    "sentKBytesPerSec" : 3.360341634882347
  },
  "Edit hero" : {
    "transaction" : "Edit hero",
    "sampleCount" : 20000,
    "errorCount" : 10788,
    "errorPct" : 53.94,
    "meanResTime" : 2062.953750000019,
    "medianResTime" : 189.0,
    "minResTime" : 0.0,
    "maxResTime" : 274729.0,
    "pct1ResTime" : 4284.9000000000015,
    "pct2ResTime" : 6685.9000000000015,
    "pct3ResTime" : 30289.090000000306,
    "throughput" : 63.226911902782305,
    "receivedKBytesPerSec" : 91.340761367606,
    "sentKBytesPerSec" : 6.6264643945548976
  },
  "Get all heroes" : {
    "transaction" : "Get all heroes",
    "sampleCount" : 20000,
    "errorCount" : 10997,
    "errorPct" : 54.985,
    "meanResTime" : 30889.998049999955,
    "medianResTime" : 502.0,
    "minResTime" : 1.0,
    "maxResTime" : 276869.0,
    "pct1ResTime" : 153452.0,
    "pct2ResTime" : 191216.85,
    "pct3ResTime" : 271064.16000000015,
    "throughput" : 59.613407055246725,
    "receivedKBytesPerSec" : 82.15870858731128,
    "sentKBytesPerSec" : 3.734436476326026
  },
  "Create hero" : {
    "transaction" : "Create hero",
    "sampleCount" : 20000,
    "errorCount" : 10985,
    "errorPct" : 54.925,
    "meanResTime" : 7011.892300000043,
    "medianResTime" : 231.0,
    "minResTime" : 0.0,
    "maxResTime" : 277045.0,
    "pct1ResTime" : 6275.0,
    "pct2ResTime" : 30919.95,
    "pct3ResTime" : 225599.87000000002,
    "throughput" : 61.87697619592726,
    "receivedKBytesPerSec" : 92.15529013340677,
    "sentKBytesPerSec" : 6.46538867829232
  }
}