{
  "Delete hero" : {
    "transaction" : "Delete hero",
    "sampleCount" : 7399,
    "errorCount" : 6714,
    "errorPct" : 90.74199,
    "meanResTime" : 7531.272604406009,
    "medianResTime" : 1010.0,
    "minResTime" : 8.0,
    "maxResTime" : 225823.0,
    "pct1ResTime" : 7926.0,
    "pct2ResTime" : 42117.0,
    "pct3ResTime" : 131869.0,
    "throughput" : 15.656641535066095,
    "receivedKBytesPerSec" : 4.894237921067165,
    "sentKBytesPerSec" : 3.1753226874501403
  },
  "Total" : {
    "transaction" : "Total",
    "sampleCount" : 59981,
    "errorCount" : 56313,
    "errorPct" : 93.88473,
    "meanResTime" : 35977.896633933946,
    "medianResTime" : 1109.0,
    "minResTime" : 1.0,
    "maxResTime" : 256443.0,
    "pct1ResTime" : 11107.800000000003,
    "pct2ResTime" : 44325.8,
    "pct3ResTime" : 151818.91,
    "throughput" : 121.72654804039354,
    "receivedKBytesPerSec" : 214.19522198476616,
    "sentKBytesPerSec" : 16.25466076558289
  },
  "Get hero by id" : {
    "transaction" : "Get hero by id",
    "sampleCount" : 14886,
    "errorCount" : 14120,
    "errorPct" : 94.854225,
    "meanResTime" : 38984.10640870656,
    "medianResTime" : 5077.0,
    "minResTime" : 1.0,
    "maxResTime" : 225828.0,
    "pct1ResTime" : 126549.5,
    "pct2ResTime" : 152459.3,
    "pct3ResTime" : 192748.49999999997,
    "throughput" : 31.272386562495402,
    "receivedKBytesPerSec" : 26.35606807471361,
    "sentKBytesPerSec" : 2.6555033982933165
  },
  "Edit hero" : {
    "transaction" : "Edit hero",
    "sampleCount" : 9098,
    "errorCount" : 8344,
    "errorPct" : 91.71246,
    "meanResTime" : 19727.0010991427,
    "medianResTime" : 1245.0,
    "minResTime" : 8.0,
    "maxResTime" : 222173.0,
    "pct1ResTime" : 78692.60000000002,
    "pct2ResTime" : 130418.59999999999,
    "pct3ResTime" : 172251.0,
    "throughput" : 19.13157214083091,
    "receivedKBytesPerSec" : 7.459398653582491,
    "sentKBytesPerSec" : 3.854607385358817
  },
  "Get all heroes" : {
    "transaction" : "Get all heroes",
    "sampleCount" : 16832,
    "errorCount" : 16153,
    "errorPct" : 95.96602,
    "meanResTime" : 57234.40797290871,
    "medianResTime" : 36594.0,
    "minResTime" : 1.0,
    "maxResTime" : 256443.0,
    "pct1ResTime" : 162855.9,
    "pct2ResTime" : 217826.35,
    "pct3ResTime" : 238161.02999999997,
    "throughput" : 36.1498828436247,
    "receivedKBytesPerSec" : 169.43031663832613,
    "sentKBytesPerSec" : 2.8881809143834953
  },
  "Create hero" : {
    "transaction" : "Create hero",
    "sampleCount" : 11766,
    "errorCount" : 10982,
    "errorPct" : 93.33673,
    "meanResTime" : 32220.220380758314,
    "medianResTime" : 1836.5,
    "minResTime" : 1.0,
    "maxResTime" : 225628.0,
    "pct1ResTime" : 125736.0,
    "pct2ResTime" : 153328.54999999993,
    "pct3ResTime" : 203850.98,
    "throughput" : 26.03869288682928,
    "receivedKBytesPerSec" : 18.256488268922645,
    "sentKBytesPerSec" : 4.574444930161818
  }
}