{
  "Delete hero" : {
    "transaction" : "Delete hero",
    "sampleCount" : 1319,
    "errorCount" : 1250,
    "errorPct" : 94.76876,
    "meanResTime" : 1140.927217589083,
    "medianResTime" : 1151.0,
    "minResTime" : 32.0,
    "maxResTime" : 2990.0,
    "pct1ResTime" : 1947.0,
    "pct2ResTime" : 2182.0,
    "pct3ResTime" : 2823.0,
    "throughput" : 54.0396591281547,
    "receivedKBytesPerSec" : 13.140503049717305,
    "sentKBytesPerSec" : 11.346217492727794
  },
  "Total" : {
    "transaction" : "Total",
    "sampleCount" : 8061,
    "errorCount" : 7693,
    "errorPct" : 95.43481,
    "meanResTime" : 3704.473514452298,
    "medianResTime" : 1234.0,
    "minResTime" : 20.0,
    "maxResTime" : 38246.0,
    "pct1ResTime" : 5409.6,
    "pct2ResTime" : 30155.9,
    "pct3ResTime" : 32329.18,
    "throughput" : 186.17488105686175,
    "receivedKBytesPerSec" : 59.18372925712504,
    "sentKBytesPerSec" : 32.838848106436785
  },
  "Get hero by id" : {
    "transaction" : "Get hero by id",
    "sampleCount" : 1590,
    "errorCount" : 1508,
    "errorPct" : 94.842766,
    "meanResTime" : 1270.893081761007,
    "medianResTime" : 1153.5,
    "minResTime" : 31.0,
    "maxResTime" : 3815.0,
    "pct1ResTime" : 2189.0,
    "pct2ResTime" : 2392.349999999996,
    "pct3ResTime" : 3722.2699999999995,
    "throughput" : 51.796592500895855,
    "receivedKBytesPerSec" : 9.711861093917973,
    "sentKBytesPerSec" : 6.525156672476138
  },
  "Edit hero" : {
    "transaction" : "Edit hero",
    "sampleCount" : 1405,
    "errorCount" : 1345,
    "errorPct" : 95.72954,
    "meanResTime" : 1077.8092526690357,
    "medianResTime" : 1056.0,
    "minResTime" : 20.0,
    "maxResTime" : 2990.0,
    "pct1ResTime" : 1705.4,
    "pct2ResTime" : 2185.8,
    "pct3ResTime" : 2788.94,
    "throughput" : 55.349826662464544,
    "receivedKBytesPerSec" : 7.837621939509139,
    "sentKBytesPerSec" : 12.594247668314686
  },
  "Get all heroes" : {
    "transaction" : "Get all heroes",
    "sampleCount" : 2228,
    "errorCount" : 2144,
    "errorPct" : 96.229805,
    "meanResTime" : 10333.88240574505,
    "medianResTime" : 2122.0,
    "minResTime" : 24.0,
    "maxResTime" : 38246.0,
    "pct1ResTime" : 31331.1,
    "pct2ResTime" : 31742.55,
    "pct3ResTime" : 33338.42,
    "throughput" : 51.45734214051458,
    "receivedKBytesPerSec" : 32.24467372193865,
    "sentKBytesPerSec" : 6.381916456880226
  },
  "Create hero" : {
    "transaction" : "Create hero",
    "sampleCount" : 1519,
    "errorCount" : 1446,
    "errorPct" : 95.19421,
    "meanResTime" : 1183.6379196840016,
    "medianResTime" : 1111.0,
    "minResTime" : 29.0,
    "maxResTime" : 3017.0,
    "pct1ResTime" : 1828.0,
    "pct2ResTime" : 2231.0,
    "pct3ResTime" : 2849.5999999999995,
    "throughput" : 55.034237889931525,
    "receivedKBytesPerSec" : 12.62992764075577,
    "sentKBytesPerSec" : 12.62992764075577
  }
}