{
  "Delete hero" : {
    "transaction" : "Delete hero",
    "sampleCount" : 100,
    "errorCount" : 0,
    "errorPct" : 0.0,
    "meanResTime" : 76.92,
    "medianResTime" : 69.5,
    "minResTime" : 6.0,
    "maxResTime" : 193.0,
    "pct1ResTime" : 149.8,
    "pct2ResTime" : 166.64999999999992,
    "pct3ResTime" : 192.7899999999999,
    "throughput" : 61.72839506172839,
    "receivedKBytesPerSec" : 15.010127314814813,
    "sentKBytesPerSec" : 12.960551697530864
  },
  "Total" : {
    "transaction" : "Total",
    "sampleCount" : 500,
    "errorCount" : 0,
    "errorPct" : 0.0,
    "meanResTime" : 286.0180000000001,
    "medianResTime" : 102.5,
    "minResTime" : 6.0,
    "maxResTime" : 1754.0,
    "pct1ResTime" : 1118.7,
    "pct2ResTime" : 1388.95,
    "pct3ResTime" : 1713.5400000000004,
    "throughput" : 204.58265139116202,
    "receivedKBytesPerSec" : 43.090220949263504,
    "sentKBytesPerSec" : 37.52013860474632
  },
  "Get hero by id" : {
    "transaction" : "Get hero by id",
    "sampleCount" : 100,
    "errorCount" : 0,
    "errorPct" : 0.0,
    "meanResTime" : 145.70000000000002,
    "medianResTime" : 102.5,
    "minResTime" : 12.0,
    "maxResTime" : 408.0,
    "pct1ResTime" : 366.70000000000005,
    "pct2ResTime" : 370.0,
    "pct3ResTime" : 407.99,
    "throughput" : 47.961630695443645,
    "receivedKBytesPerSec" : 8.992805755395684,
    "sentKBytesPerSec" : 6.042041366906475
  },
  "Edit hero" : {
    "transaction" : "Edit hero",
    "sampleCount" : 100,
    "errorCount" : 0,
    "errorPct" : 0.0,
    "meanResTime" : 87.76,
    "medianResTime" : 78.5,
    "minResTime" : 13.0,
    "maxResTime" : 289.0,
    "pct1ResTime" : 172.9,
    "pct2ResTime" : 186.69999999999993,
    "pct3ResTime" : 288.0199999999995,
    "throughput" : 59.772863120143455,
    "receivedKBytesPerSec" : 8.463930812910938,
    "sentKBytesPerSec" : 13.600661237298267
  },
  "Get all heroes" : {
    "transaction" : "Get all heroes",
    "sampleCount" : 100,
    "errorCount" : 0,
    "errorPct" : 0.0,
    "meanResTime" : 1009.71,
    "medianResTime" : 1117.5,
    "minResTime" : 246.0,
    "maxResTime" : 1754.0,
    "pct1ResTime" : 1610.9,
    "pct2ResTime" : 1711.6999999999994,
    "pct3ResTime" : 1754.0,
    "throughput" : 42.643923240938165,
    "receivedKBytesPerSec" : 10.719283049040511,
    "sentKBytesPerSec" : 5.288845948827292
  },
  "Create hero" : {
    "transaction" : "Create hero",
    "sampleCount" : 100,
    "errorCount" : 0,
    "errorPct" : 0.0,
    "meanResTime" : 110.00000000000001,
    "medianResTime" : 98.0,
    "minResTime" : 21.0,
    "maxResTime" : 303.0,
    "pct1ResTime" : 213.10000000000016,
    "pct2ResTime" : 289.64999999999947,
    "pct3ResTime" : 302.96999999999997,
    "throughput" : 52.52100840336134,
    "receivedKBytesPerSec" : 12.053161108193278,
    "sentKBytesPerSec" : 12.053161108193278
  }
}