{
  "Delete hero" : {
    "transaction" : "Delete hero",
    "sampleCount" : 2000,
    "errorCount" : 0,
    "errorPct" : 0.0,
    "meanResTime" : 298.2930000000001,
    "medianResTime" : 181.0,
    "minResTime" : 3.0,
    "maxResTime" : 1831.0,
    "pct1ResTime" : 745.9000000000001,
    "pct2ResTime" : 1152.9499999999998,
    "pct3ResTime" : 1372.98,
    "throughput" : 61.3986615091791,
    "receivedKBytesPerSec" : 14.929947964634373,
    "sentKBytesPerSec" : 12.89132053171241
  },
  "Total" : {
    "transaction" : "Total",
    "sampleCount" : 10000,
    "errorCount" : 0,
    "errorPct" : 0.0,
    "meanResTime" : 2292.2431999999967,
    "medianResTime" : 228.0,
    "minResTime" : 3.0,
    "maxResTime" : 35511.0,
    "pct1ResTime" : 3114.499999999998,
    "pct2ResTime" : 20889.899999999998,
    "pct3ResTime" : 33062.899999999994,
    "throughput" : 255.97051219699492,
    "receivedKBytesPerSec" : 55.93458133623007,
    "sentKBytesPerSec" : 46.944591983003555
  },
  "Get hero by id" : {
    "transaction" : "Get hero by id",
    "sampleCount" : 2000,
    "errorCount" : 0,
    "errorPct" : 0.0,
    "meanResTime" : 347.197,
    "medianResTime" : 202.0,
    "minResTime" : 5.0,
    "maxResTime" : 3244.0,
    "pct1ResTime" : 820.9000000000001,
    "pct2ResTime" : 1068.8999999999996,
    "pct3ResTime" : 2280.99,
    "throughput" : 56.5434960843629,
    "receivedKBytesPerSec" : 10.601905515818043,
    "sentKBytesPerSec" : 7.1231552684402475
  },
  "Edit hero" : {
    "transaction" : "Edit hero",
    "sampleCount" : 2000,
    "errorCount" : 0,
    "errorPct" : 0.0,
    "meanResTime" : 330.55549999999977,
    "medianResTime" : 209.0,
    "minResTime" : 11.0,
    "maxResTime" : 2571.0,
    "pct1ResTime" : 627.9000000000001,
    "pct2ResTime" : 1538.9499999999998,
    "pct3ResTime" : 1698.93,
    "throughput" : 59.017941454202074,
    "receivedKBytesPerSec" : 8.357032725448537,
    "sentKBytesPerSec" : 13.428887069169027
  },
  "Get all heroes" : {
    "transaction" : "Get all heroes",
    "sampleCount" : 2000,
    "errorCount" : 0,
    "errorPct" : 0.0,
    "meanResTime" : 10131.603000000001,
    "medianResTime" : 2141.0,
    "minResTime" : 14.0,
    "maxResTime" : 35511.0,
    "pct1ResTime" : 29947.000000000004,
    "pct2ResTime" : 33062.5,
    "pct3ResTime" : 35041.94,
    "throughput" : 51.285996358694256,
    "receivedKBytesPerSec" : 14.916036209516117,
    "sentKBytesPerSec" : 6.360665564017745
  },
  "Create hero" : {
    "transaction" : "Create hero",
    "sampleCount" : 2000,
    "errorCount" : 0,
    "errorPct" : 0.0,
    "meanResTime" : 353.56749999999926,
    "medianResTime" : 203.5,
    "minResTime" : 16.0,
    "maxResTime" : 3172.0,
    "pct1ResTime" : 781.5000000000005,
    "pct2ResTime" : 1501.9499999999998,
    "pct3ResTime" : 1836.6600000000003,
    "throughput" : 57.62028233938346,
    "receivedKBytesPerSec" : 13.223404638432728,
    "sentKBytesPerSec" : 13.223404638432728
  }
}