{
  "Delete hero" : {
    "transaction" : "Delete hero",
    "sampleCount" : 3059,
    "errorCount" : 1712,
    "errorPct" : 55.966003,
    "meanResTime" : 535.3664596273278,
    "medianResTime" : 149.0,
    "minResTime" : 12.0,
    "maxResTime" : 4719.0,
    "pct1ResTime" : 1582.0,
    "pct2ResTime" : 2916.0,
    "pct3ResTime" : 3949.0,
    "throughput" : 53.751537515375155,
    "receivedKBytesPerSec" : 13.070442227859779,
    "sentKBytesPerSec" : 11.285723208794588
  },
  "Total" : {
    "transaction" : "Total",
    "sampleCount" : 22982,
    "errorCount" : 16177,
    "errorPct" : 70.38987,
    "meanResTime" : 16106.850274127595,
    "medianResTime" : 478.0,
    "minResTime" : 2.0,
    "maxResTime" : 96618.0,
    "pct1ResTime" : 74101.6,
    "pct2ResTime" : 80405.9,
    "pct3ResTime" : 91705.61000000006,
    "throughput" : 210.2537829579346,
    "receivedKBytesPerSec" : 159.59597690485884,
    "sentKBytesPerSec" : 32.55085636881782
  },
  "Get hero by id" : {
    "transaction" : "Get hero by id",
    "sampleCount" : 5027,
    "errorCount" : 3625,
    "errorPct" : 72.1106,
    "meanResTime" : 10599.096280087531,
    "medianResTime" : 720.0,
    "minResTime" : 2.0,
    "maxResTime" : 68014.0,
    "pct1ResTime" : 42085.6,
    "pct2ResTime" : 47133.0,
    "pct3ResTime" : 66188.80000000002,
    "throughput" : 48.55222237246228,
    "receivedKBytesPerSec" : 21.56313156160057,
    "sentKBytesPerSec" : 5.309757951187004
  },
  "Edit hero" : {
    "transaction" : "Edit hero",
    "sampleCount" : 3209,
    "errorCount" : 1863,
    "errorPct" : 58.05547,
    "meanResTime" : 765.4540355250865,
    "medianResTime" : 164.0,
    "minResTime" : 13.0,
    "maxResTime" : 79601.0,
    "pct1ResTime" : 1357.0,
    "pct2ResTime" : 1856.0,
    "pct3ResTime" : 4219.8,
    "throughput" : 38.663116423089434,
    "receivedKBytesPerSec" : 5.530081217092977,
    "sentKBytesPerSec" : 8.791886329202763
  },
  "Get all heroes" : {
    "transaction" : "Get all heroes",
    "sampleCount" : 7955,
    "errorCount" : 6628,
    "errorPct" : 83.318665,
    "meanResTime" : 35871.38466373352,
    "medianResTime" : 30653.0,
    "minResTime" : 12.0,
    "maxResTime" : 96618.0,
    "pct1ResTime" : 81464.4,
    "pct2ResTime" : 83582.4,
    "pct3ResTime" : 94499.31999999999,
    "throughput" : 78.40296462749968,
    "receivedKBytesPerSec" : 128.83314953788573,
    "sentKBytesPerSec" : 7.7827112007579125
  },
  "Create hero" : {
    "transaction" : "Create hero",
    "sampleCount" : 3732,
    "errorCount" : 2349,
    "errorPct" : 62.942123,
    "meanResTime" : 7351.308413719187,
    "medianResTime" : 232.5,
    "minResTime" : 12.0,
    "maxResTime" : 82168.0,
    "pct1ResTime" : 29287.7,
    "pct2ResTime" : 68848.94999999995,
    "pct3ResTime" : 77136.02,
    "throughput" : 41.288666637164226,
    "receivedKBytesPerSec" : 10.37268670896579,
    "sentKBytesPerSec" : 9.366250826298845
  }
}